user_id,first_name,last_name,gender,birth_date,country
1,Janifer,Lagadu,Female,1940-08-09,United States
2,Bruis,Danilov,Male,1966-05-28,Brazil
3,Omar,Spinozzi,Male,1977-08-28,China
4,Mag,Kennedy,Female,1963-11-11,China
5,Gerome,Lushey,Male,1990-06-08,Brazil
6,Lazarus,Andrus,Male,1983-04-22,France
7,Adora,Bartunek,Female,1971-06-04,France
8,Gladys,Gulland,Female,1959-07-07,Brazil
9,Pearline,Kitcher,Female,1944-06-01,China
10,Jolie,Diggin,Female,1944-07-31,Nigeria
11,Devlen,Devil,Male,1955-01-11,United States
12,Sibel,Lewisham,Female,1982-11-05,France
13,Paton,Brundrett,Male,1951-11-08,China
14,Cody,Menichillo,Male,1958-08-11,China
15,Brinna,Lannon,Female,1985-07-23,Brazil
16,Abe,Grima,Male,1971-08-23,France
17,Ginger,Lipp,Male,1963-07-16,Japan
18,Braden,Jachimiak,Male,1996-05-10,China
19,Sharl,Airy,Female,1941-09-08,Brazil
20,Erv,Waumsley,Male,1960-07-21,China
21,Electra,Carnegie,Female,1986-08-27,China
22,Gaye,Palphramand,Female,1977-09-02,China
23,Manfred,Millhill,Male,1961-06-30,China
24,Nathalie,Bicker,Female,1974-09-05,China
25,Alexandre,Keavy,Male,1989-02-16,Japan
26,Marlo,Rushbury,Female,1960-12-21,China
27,Rowena,Eyers,Female,1944-05-28,China
28,Ilario,Litherland,Male,1988-11-13,China
29,Rene,Piscopello,Female,1971-02-03,China
30,Roslyn,Dillingham,Female,1957-08-23,China
31,Pebrook,Gearty,Male,1993-03-31,China
32,Karalynn,Pfeifer,Female,1971-09-02,China
33,Karlene,Pattington,Female,1966-08-11,Nigeria
34,Georgianne,O' Brian,Female,1975-04-12,Brazil
35,Gregg,Togher,Male,1998-09-14,United States
36,Finley,Perham,Male,1942-04-04,China
37,Valdemar,Wendover,Male,1961-02-03,China
38,Jaquenetta,Risborough,Female,1948-12-01,France
39,Fleur,Calderonello,Female,1940-12-03,China
40,Collette,Nolin,Female,1989-06-17,China
41,Woodrow,Townby,Male,1992-10-20,France
42,Sonja,Blinman,Female,1955-01-13,China
43,Gibby,Ledwith,Male,1945-08-06,China
44,Clementius,Robinette,Male,1962-09-14,Brazil
45,Sig,Pinkstone,Male,1988-04-03,China
46,Ethelyn,Raubenheim,Female,1953-07-19,Brazil
47,Teri,Aspole,Female,1973-12-16,China
48,Seumas,Lowres,Male,1962-10-30,Brazil
49,Talyah,Dehmel,Female,1950-07-28,France
50,Olive,Coey,Female,1987-11-08,China
51,Norrie,Petrolli,Male,1984-08-26,China
52,Pauly,Harkin,Female,1981-02-13,China
53,Chris,Climie,Male,1970-06-02,France
54,Thadeus,Ilyenko,Male,1969-06-18,Brazil
55,Thorstein,Chesnay,Male,1967-06-22,China
56,Zack,Fearne,Male,1995-09-09,China
57,Ashlin,Frear,Male,1978-08-18,Brazil
58,Hamel,Gutierrez,Male,1973-01-21,China
59,Tedie,Lampet,Male,1984-10-26,China
60,Bobby,Tassell,Male,1988-06-04,China
61,Gale,Joust,Female,1971-10-04,China
62,Muhammad,Sheringham,Male,1954-05-14,China
63,Tabor,Bramer,Male,1983-05-29,Brazil
64,Philipa,Siene,Female,1972-07-28,Japan
65,Sayres,Halls,Male,1974-06-07,Japan
66,Jelene,Kik,Female,1998-08-31,France
67,Zollie,Hambatch,Male,1954-04-14,Brazil
68,Cynde,MacDiarmond,Female,1987-01-23,China
69,Franky,Dedrick,Female,1940-05-28,Brazil
70,Skipton,Jaime,Male,1976-08-26,China
71,Horatio,Korejs,Male,1967-06-04,China
72,Demetra,Shirlaw,Female,1982-11-23,China
73,Jenica,Gibling,Female,1957-01-09,France
74,Livia,Lodemann,Female,1967-03-11,United States
75,Ephrem,Krause,Male,1997-12-16,France
76,Nyssa,Sowte,Female,1959-03-19,China
77,Gabie,Lowndes,Female,1959-07-26,China
78,Christoforo,Sherston,Male,1965-07-23,France
79,Stefania,Belt,Female,1985-05-21,New Zealand
80,Boothe,Endley,Male,1960-03-03,China
81,Parrnell,Stainton - Skinn,Male,1960-12-20,China
82,Davida,Albro,Female,1952-05-12,China
83,Quincy,Marquess,Male,1997-08-13,Brazil
84,Clary,Girton,Female,1949-03-26,Brazil
85,Ashien,Biaggi,Female,1945-07-01,Nigeria
86,Mayer,Redmile,Male,1991-03-28,China
87,Kathy,Holtom,Female,1978-02-03,China
88,Cristian,McKeowon,Male,1985-04-12,China
89,Beckie,Meyrick,Female,1968-09-23,United States
90,Farlee,O'Connell,Male,1985-05-15,China
91,Salem,Kildale,Male,1979-01-25,Germany
92,Analise,McClunaghan,Female,1946-06-12,Brazil
93,Eugen,Hartle,Male,1949-06-11,China
94,Kendre,Pankhurst.,Female,1941-05-28,China
95,Ronald,Hambelton,Male,1963-08-11,Brazil
96,Constantina,Belf,Female,1963-04-28,China
97,Dorothea,Mathivon,Female,1958-11-21,France
98,Massimo,Wimms,Male,1966-11-19,China
99,Jermain,McCreery,Male,1959-01-07,Brazil
100,Melony,Zanitti,Female,1995-03-06,China
